problem,alpha,iters
R1,1.000e-05,-
R1,3.162e-05,89785
R1,1.000e-04,37041
R1,3.162e-04,19471
R1,1.000e-03,12685
R1,3.162e-03,8695
R1,1.000e-02,5452
R1,3.162e-02,3121
R1,1.000e-01,1706
R1,3.162e-01,1034
R1,1.000e+00,-
Q1,1.000e-05,-
Q1,3.162e-05,47440
Q1,1.000e-04,18427
Q1,3.162e-04,8390
Q1,1.000e-03,3906
Q1,3.162e-03,1505
Q1,1.000e-02,452
Q1,3.162e-02,227
Q1,1.000e-01,186
Q1,3.162e-01,234
Q1,1.000e+00,216
project,1.000e-05,-
project,3.162e-05,-
project,1.000e-04,68951
project,3.162e-04,25944
project,1.000e-03,11532
project,3.162e-03,5725
project,1.000e-02,2503
project,3.162e-02,842
project,1.000e-01,244
project,3.162e-01,240
project,1.000e+00,225
