problem,solver,alpha,beta,iterations,converged
R1,GD,1e-05,,—,False
R1,GD,3.1622776601683795e-05,,—,False
R1,GD,0.0001,,—,False
R1,GD,0.00031622776601683794,,—,False
R1,GD,0.001,,32076,True
R1,GD,0.0031622776601683794,,—,False
R1,GD,0.01,,—,False
R1,GD,0.03162277660168379,,—,False
R1,GD,0.1,,—,False
R1,GD,0.31622776601683794,,—,False
R1,GD,1.0,,—,False
R1,Momentum,1e-05,0.5,—,False
R1,Momentum,1e-05,0.8,—,False
R1,Momentum,1e-05,0.9,—,False
R1,Momentum,1e-05,0.95,—,False
R1,Momentum,1e-05,0.99,30276,True
R1,Momentum,3.1622776601683795e-05,0.5,—,False
R1,Momentum,3.1622776601683795e-05,0.8,—,False
R1,Momentum,3.1622776601683795e-05,0.9,—,False
R1,Momentum,3.1622776601683795e-05,0.95,50397,True
R1,Momentum,3.1622776601683795e-05,0.99,8237,True
R1,Momentum,0.0001,0.5,—,False
R1,Momentum,0.0001,0.8,64098,True
R1,Momentum,0.0001,0.9,31922,True
R1,Momentum,0.0001,0.95,15698,True
R1,Momentum,0.0001,0.99,2839,True
R1,Momentum,0.00031622776601683794,0.5,50709,True
R1,Momentum,0.00031622776601683794,0.8,20214,True
R1,Momentum,0.00031622776601683794,0.9,9976,True
R1,Momentum,0.00031622776601683794,0.95,4708,True
R1,Momentum,0.00031622776601683794,0.99,3094,True
R1,Momentum,0.001,0.5,16014,True
R1,Momentum,0.001,0.8,6329,True
R1,Momentum,0.001,0.9,3020,True
R1,Momentum,0.001,0.95,1324,True
R1,Momentum,0.001,0.99,3185,True
R1,Momentum,0.0031622776601683794,0.5,—,False
R1,Momentum,0.0031622776601683794,0.8,1862,True
R1,Momentum,0.0031622776601683794,0.9,857,True
R1,Momentum,0.0031622776601683794,0.95,—,False
R1,Momentum,0.0031622776601683794,0.99,—,False
R1,Momentum,0.01,0.5,—,False
R1,Momentum,0.01,0.8,—,False
R1,Momentum,0.01,0.9,—,False
R1,Momentum,0.01,0.95,—,False
R1,Momentum,0.01,0.99,—,False
R1,Momentum,0.03162277660168379,0.5,—,False
R1,Momentum,0.03162277660168379,0.8,—,False
R1,Momentum,0.03162277660168379,0.9,—,False
R1,Momentum,0.03162277660168379,0.95,—,False
R1,Momentum,0.03162277660168379,0.99,—,False
R1,Momentum,0.1,0.5,—,False
R1,Momentum,0.1,0.8,—,False
R1,Momentum,0.1,0.9,—,False
R1,Momentum,0.1,0.95,—,False
R1,Momentum,0.1,0.99,—,False
R1,Momentum,0.31622776601683794,0.5,—,False
R1,Momentum,0.31622776601683794,0.8,—,False
R1,Momentum,0.31622776601683794,0.9,—,False
R1,Momentum,0.31622776601683794,0.95,—,False
R1,Momentum,0.31622776601683794,0.99,—,False
R1,Momentum,1.0,0.5,—,False
R1,Momentum,1.0,0.8,—,False
R1,Momentum,1.0,0.9,—,False
R1,Momentum,1.0,0.95,—,False
R1,Momentum,1.0,0.99,—,False
R1,Adam,1e-05,,—,False
R1,Adam,3.1622776601683795e-05,,89785,True
R1,Adam,0.0001,,37041,True
R1,Adam,0.00031622776601683794,,19471,True
R1,Adam,0.001,,12685,True
R1,Adam,0.0031622776601683794,,8695,True
R1,Adam,0.01,,5452,True
R1,Adam,0.03162277660168379,,3121,True
R1,Adam,0.1,,1706,True
R1,Adam,0.31622776601683794,,1034,True
R1,Adam,1.0,,—,False
R2,GD,1e-05,,—,False
R2,GD,3.1622776601683795e-05,,—,False
R2,GD,0.0001,,—,False
R2,GD,0.00031622776601683794,,—,False
R2,GD,0.001,,31696,True
R2,GD,0.0031622776601683794,,—,False
R2,GD,0.01,,—,False
R2,GD,0.03162277660168379,,—,False
R2,GD,0.1,,—,False
R2,GD,0.31622776601683794,,—,False
R2,GD,1.0,,—,False
R2,Momentum,1e-05,0.5,—,False
R2,Momentum,1e-05,0.8,—,False
R2,Momentum,1e-05,0.9,—,False
R2,Momentum,1e-05,0.95,—,False
R2,Momentum,1e-05,0.99,30112,True
R2,Momentum,3.1622776601683795e-05,0.5,—,False
R2,Momentum,3.1622776601683795e-05,0.8,—,False
R2,Momentum,3.1622776601683795e-05,0.9,—,False
R2,Momentum,3.1622776601683795e-05,0.95,49831,True
R2,Momentum,3.1622776601683795e-05,0.99,8217,True
R2,Momentum,0.0001,0.5,—,False
R2,Momentum,0.0001,0.8,63339,True
R2,Momentum,0.0001,0.9,31559,True
R2,Momentum,0.0001,0.95,15551,True
R2,Momentum,0.0001,0.99,2727,True
R2,Momentum,0.00031622776601683794,0.5,50105,True
R2,Momentum,0.00031622776601683794,0.8,19983,True
R2,Momentum,0.00031622776601683794,0.9,9879,True
R2,Momentum,0.00031622776601683794,0.95,4695,True
R2,Momentum,0.00031622776601683794,0.99,2949,True
R2,Momentum,0.001,0.5,15829,True
R2,Momentum,0.001,0.8,6270,True
R2,Momentum,0.001,0.9,3016,True
R2,Momentum,0.001,0.95,1162,True
R2,Momentum,0.001,0.99,2802,True
R2,Momentum,0.0031622776601683794,0.5,—,False
R2,Momentum,0.0031622776601683794,0.8,1926,True
R2,Momentum,0.0031622776601683794,0.9,868,True
R2,Momentum,0.0031622776601683794,0.95,594,True
R2,Momentum,0.0031622776601683794,0.99,—,False
R2,Momentum,0.01,0.5,—,False
R2,Momentum,0.01,0.8,—,False
R2,Momentum,0.01,0.9,—,False
R2,Momentum,0.01,0.95,—,False
R2,Momentum,0.01,0.99,—,False
R2,Momentum,0.03162277660168379,0.5,—,False
R2,Momentum,0.03162277660168379,0.8,—,False
R2,Momentum,0.03162277660168379,0.9,—,False
R2,Momentum,0.03162277660168379,0.95,—,False
R2,Momentum,0.03162277660168379,0.99,—,False
R2,Momentum,0.1,0.5,—,False
R2,Momentum,0.1,0.8,—,False
R2,Momentum,0.1,0.9,—,False
R2,Momentum,0.1,0.95,—,False
R2,Momentum,0.1,0.99,—,False
R2,Momentum,0.31622776601683794,0.5,—,False
R2,Momentum,0.31622776601683794,0.8,—,False
R2,Momentum,0.31622776601683794,0.9,—,False
R2,Momentum,0.31622776601683794,0.95,—,False
R2,Momentum,0.31622776601683794,0.99,—,False
R2,Momentum,1.0,0.5,—,False
R2,Momentum,1.0,0.8,—,False
R2,Momentum,1.0,0.9,—,False
R2,Momentum,1.0,0.95,—,False
R2,Momentum,1.0,0.99,—,False
R2,Adam,1e-05,,—,False
R2,Adam,3.1622776601683795e-05,,69504,True
R2,Adam,0.0001,,29302,True
R2,Adam,0.00031622776601683794,,15931,True
R2,Adam,0.001,,10469,True
R2,Adam,0.0031622776601683794,,6774,True
R2,Adam,0.01,,3894,True
R2,Adam,0.03162277660168379,,2057,True
R2,Adam,0.1,,1068,True
R2,Adam,0.31622776601683794,,—,False
R2,Adam,1.0,,24021,True
Q1,GD,1e-05,,—,False
Q1,GD,3.1622776601683795e-05,,—,False
Q1,GD,0.0001,,48850,True
Q1,GD,0.00031622776601683794,,15445,True
Q1,GD,0.001,,4881,True
Q1,GD,0.0031622776601683794,,1541,True
Q1,GD,0.009345794392523364,,733,True
Q1,GD,0.01,,—,False
Q1,GD,0.03162277660168379,,—,False
Q1,GD,0.1,,—,False
Q1,GD,0.31622776601683794,,—,False
Q1,GD,1.0,,—,False
Q1,Momentum,1e-05,0.5,—,False
Q1,Momentum,1e-05,0.8,97670,True
Q1,Momentum,1e-05,0.9,48771,True
Q1,Momentum,1e-05,0.95,24255,True
Q1,Momentum,1e-05,0.99,3718,True
Q1,Momentum,3.1622776601683795e-05,0.5,77233,True
Q1,Momentum,3.1622776601683795e-05,0.8,30859,True
Q1,Momentum,3.1622776601683795e-05,0.9,15365,True
Q1,Momentum,3.1622776601683795e-05,0.95,7549,True
Q1,Momentum,3.1622776601683795e-05,0.99,1936,True
Q1,Momentum,0.0001,0.5,24414,True
Q1,Momentum,0.0001,0.8,9731,True
Q1,Momentum,0.0001,0.9,4801,True
Q1,Momentum,0.0001,0.95,2257,True
Q1,Momentum,0.0001,0.99,1990,True
Q1,Momentum,0.00031622776601683794,0.5,7711,True
Q1,Momentum,0.00031622776601683794,0.8,3050,True
Q1,Momentum,0.00031622776601683794,0.9,1456,True
Q1,Momentum,0.00031622776601683794,0.95,509,True
Q1,Momentum,0.00031622776601683794,0.99,1599,True
Q1,Momentum,0.001,0.5,2430,True
Q1,Momentum,0.001,0.8,936,True
Q1,Momentum,0.001,0.9,380,True
Q1,Momentum,0.001,0.95,384,True
Q1,Momentum,0.001,0.99,1878,True
Q1,Momentum,0.0031622776601683794,0.5,759,True
Q1,Momentum,0.0031622776601683794,0.8,262,True
Q1,Momentum,0.0031622776601683794,0.9,219,True
Q1,Momentum,0.0031622776601683794,0.95,402,True
Q1,Momentum,0.0031622776601683794,0.99,2204,True
Q1,Momentum,0.009345794392523364,0.5,247,True
Q1,Momentum,0.009345794392523364,0.8,115,True
Q1,Momentum,0.009345794392523364,0.9,236,True
Q1,Momentum,0.009345794392523364,0.95,438,True
Q1,Momentum,0.009345794392523364,0.99,1976,True
Q1,Momentum,0.01,0.5,230,True
Q1,Momentum,0.01,0.8,117,True
Q1,Momentum,0.01,0.9,209,True
Q1,Momentum,0.01,0.95,440,True
Q1,Momentum,0.01,0.99,1982,True
Q1,Momentum,0.03162277660168379,0.5,—,False
Q1,Momentum,0.03162277660168379,0.8,—,False
Q1,Momentum,0.03162277660168379,0.9,—,False
Q1,Momentum,0.03162277660168379,0.95,—,False
Q1,Momentum,0.03162277660168379,0.99,—,False
Q1,Momentum,0.1,0.5,—,False
Q1,Momentum,0.1,0.8,—,False
Q1,Momentum,0.1,0.9,—,False
Q1,Momentum,0.1,0.95,—,False
Q1,Momentum,0.1,0.99,—,False
Q1,Momentum,0.31622776601683794,0.5,—,False
Q1,Momentum,0.31622776601683794,0.8,—,False
Q1,Momentum,0.31622776601683794,0.9,—,False
Q1,Momentum,0.31622776601683794,0.95,—,False
Q1,Momentum,0.31622776601683794,0.99,—,False
Q1,Momentum,1.0,0.5,—,False
Q1,Momentum,1.0,0.8,—,False
Q1,Momentum,1.0,0.9,—,False
Q1,Momentum,1.0,0.95,—,False
Q1,Momentum,1.0,0.99,—,False
Q1,Adam,1e-05,,—,False
Q1,Adam,3.1622776601683795e-05,,47440,True
Q1,Adam,0.0001,,18427,True
Q1,Adam,0.00031622776601683794,,8390,True
Q1,Adam,0.001,,3906,True
Q1,Adam,0.0031622776601683794,,1505,True
Q1,Adam,0.009345794392523364,,491,True
Q1,Adam,0.01,,452,True
Q1,Adam,0.03162277660168379,,227,True
Q1,Adam,0.1,,186,True
Q1,Adam,0.31622776601683794,,234,True
Q1,Adam,1.0,,216,True
Q2,GD,1e-05,,—,False
Q2,GD,3.1622776601683795e-05,,—,False
Q2,GD,0.0001,,48850,True
Q2,GD,0.00031622776601683794,,15445,True
Q2,GD,0.001,,4881,True
Q2,GD,0.0031622776601683794,,1541,True
Q2,GD,0.009345794392523364,,733,True
Q2,GD,0.01,,—,False
Q2,GD,0.03162277660168379,,—,False
Q2,GD,0.1,,—,False
Q2,GD,0.31622776601683794,,—,False
Q2,GD,1.0,,—,False
Q2,Momentum,1e-05,0.5,—,False
Q2,Momentum,1e-05,0.8,97670,True
Q2,Momentum,1e-05,0.9,48771,True
Q2,Momentum,1e-05,0.95,24255,True
Q2,Momentum,1e-05,0.99,3718,True
Q2,Momentum,3.1622776601683795e-05,0.5,77233,True
Q2,Momentum,3.1622776601683795e-05,0.8,30859,True
Q2,Momentum,3.1622776601683795e-05,0.9,15365,True
Q2,Momentum,3.1622776601683795e-05,0.95,7549,True
Q2,Momentum,3.1622776601683795e-05,0.99,1936,True
Q2,Momentum,0.0001,0.5,24414,True
Q2,Momentum,0.0001,0.8,9731,True
Q2,Momentum,0.0001,0.9,4801,True
Q2,Momentum,0.0001,0.95,2257,True
Q2,Momentum,0.0001,0.99,1990,True
Q2,Momentum,0.00031622776601683794,0.5,7711,True
Q2,Momentum,0.00031622776601683794,0.8,3050,True
Q2,Momentum,0.00031622776601683794,0.9,1456,True
Q2,Momentum,0.00031622776601683794,0.95,509,True
Q2,Momentum,0.00031622776601683794,0.99,1599,True
Q2,Momentum,0.001,0.5,2430,True
Q2,Momentum,0.001,0.8,936,True
Q2,Momentum,0.001,0.9,380,True
Q2,Momentum,0.001,0.95,384,True
Q2,Momentum,0.001,0.99,1878,True
Q2,Momentum,0.0031622776601683794,0.5,759,True
Q2,Momentum,0.0031622776601683794,0.8,262,True
Q2,Momentum,0.0031622776601683794,0.9,219,True
Q2,Momentum,0.0031622776601683794,0.95,402,True
Q2,Momentum,0.0031622776601683794,0.99,2204,True
Q2,Momentum,0.009345794392523364,0.5,247,True
Q2,Momentum,0.009345794392523364,0.8,115,True
Q2,Momentum,0.009345794392523364,0.9,236,True
Q2,Momentum,0.009345794392523364,0.95,438,True
Q2,Momentum,0.009345794392523364,0.99,1976,True
Q2,Momentum,0.01,0.5,230,True
Q2,Momentum,0.01,0.8,117,True
Q2,Momentum,0.01,0.9,209,True
Q2,Momentum,0.01,0.95,440,True
Q2,Momentum,0.01,0.99,1982,True
Q2,Momentum,0.03162277660168379,0.5,—,False
Q2,Momentum,0.03162277660168379,0.8,—,False
Q2,Momentum,0.03162277660168379,0.9,—,False
Q2,Momentum,0.03162277660168379,0.95,—,False
Q2,Momentum,0.03162277660168379,0.99,—,False
Q2,Momentum,0.1,0.5,—,False
Q2,Momentum,0.1,0.8,—,False
Q2,Momentum,0.1,0.9,—,False
Q2,Momentum,0.1,0.95,—,False
Q2,Momentum,0.1,0.99,—,False
Q2,Momentum,0.31622776601683794,0.5,—,False
Q2,Momentum,0.31622776601683794,0.8,—,False
Q2,Momentum,0.31622776601683794,0.9,—,False
Q2,Momentum,0.31622776601683794,0.95,—,False
Q2,Momentum,0.31622776601683794,0.99,—,False
Q2,Momentum,1.0,0.5,—,False
Q2,Momentum,1.0,0.8,—,False
Q2,Momentum,1.0,0.9,—,False
Q2,Momentum,1.0,0.95,—,False
Q2,Momentum,1.0,0.99,—,False
Q2,Adam,1e-05,,—,False
Q2,Adam,3.1622776601683795e-05,,55715,True
Q2,Adam,0.0001,,24505,True
Q2,Adam,0.00031622776601683794,,14377,True
Q2,Adam,0.001,,9736,True
Q2,Adam,0.0031622776601683794,,6156,True
Q2,Adam,0.009345794392523364,,3298,True
Q2,Adam,0.01,,3147,True
Q2,Adam,0.03162277660168379,,1269,True
Q2,Adam,0.1,,480,True
Q2,Adam,0.31622776601683794,,229,True
Q2,Adam,1.0,,222,True
Q2,Adam,1e-05,,—,False
Q2,Adam,3.1622776601683795e-05,,55715,True
Q2,Adam,0.0001,,24505,True
Q2,Adam,0.00031622776601683794,,14377,True
Q2,Adam,0.001,,9736,True
Q2,Adam,0.0031622776601683794,,6156,True
Q2,Adam,0.009345794392523364,,3298,True
Q2,Adam,0.01,,3147,True
Q2,Adam,0.03162277660168379,,1269,True
Q2,Adam,0.1,,480,True
Q2,Adam,0.31622776601683794,,229,True
Q2,Adam,1.0,,222,True
Q2,Adam,3.1622776601683795,,243,True
project,GD,1e-05,,—,False
project,GD,3.1622776601683795e-05,,—,False
project,GD,0.0001,,—,False
project,GD,0.00031622776601683794,,—,False
project,GD,0.001,,—,False
project,GD,0.0031622776601683794,,—,False
project,GD,0.01,,99422,True
project,GD,0.03162277660168379,,31436,True
project,GD,0.1,,9936,True
project,GD,0.31622776601683794,,3138,True
project,GD,1.0,,988,True
project,GD,1e-05,,—,False
project,GD,3.1622776601683795e-05,,—,False
project,GD,0.0001,,—,False
project,GD,0.00031622776601683794,,—,False
project,GD,0.001,,—,False
project,GD,0.0031622776601683794,,—,False
project,GD,0.01,,99422,True
project,GD,0.03162277660168379,,31436,True
project,GD,0.1,,9936,True
project,GD,0.31622776601683794,,3138,True
project,GD,1.0,,988,True
project,GD,3.1622776601683795,,308,True
project,GD,1e-05,,—,False
project,GD,3.1622776601683795e-05,,—,False
project,GD,0.0001,,—,False
project,GD,0.00031622776601683794,,—,False
project,GD,0.001,,—,False
project,GD,0.0031622776601683794,,—,False
project,GD,0.01,,99422,True
project,GD,0.03162277660168379,,31436,True
project,GD,0.1,,9936,True
project,GD,0.31622776601683794,,3138,True
project,GD,1.0,,988,True
project,GD,3.1622776601683795,,308,True
project,GD,10.000000000000002,,93,True
project,GD,1e-05,,—,False
project,GD,3.1622776601683795e-05,,—,False
project,GD,0.0001,,—,False
project,GD,0.00031622776601683794,,—,False
project,GD,0.001,,—,False
project,GD,0.0031622776601683794,,—,False
project,GD,0.01,,99422,True
project,GD,0.03162277660168379,,31436,True
project,GD,0.1,,9936,True
project,GD,0.31622776601683794,,3138,True
project,GD,1.0,,988,True
project,GD,3.1622776601683795,,308,True
project,GD,10.000000000000002,,93,True
project,GD,31.6227766016838,,24,True
project,GD,1e-05,,—,False
project,GD,3.1622776601683795e-05,,—,False
project,GD,0.0001,,—,False
project,GD,0.00031622776601683794,,—,False
project,GD,0.001,,—,False
project,GD,0.0031622776601683794,,—,False
project,GD,0.01,,99422,True
project,GD,0.03162277660168379,,31436,True
project,GD,0.1,,9936,True
project,GD,0.31622776601683794,,3138,True
project,GD,1.0,,988,True
project,GD,3.1622776601683795,,308,True
project,GD,10.000000000000002,,93,True
project,GD,31.6227766016838,,24,True
project,GD,100.00000000000003,,228,True
project,Momentum,1e-05,0.5,—,False
project,Momentum,1e-05,0.8,—,False
project,Momentum,1e-05,0.9,—,False
project,Momentum,1e-05,0.95,—,False
project,Momentum,1e-05,0.99,—,False
project,Momentum,3.1622776601683795e-05,0.5,—,False
project,Momentum,3.1622776601683795e-05,0.8,—,False
project,Momentum,3.1622776601683795e-05,0.9,—,False
project,Momentum,3.1622776601683795e-05,0.95,—,False
project,Momentum,3.1622776601683795e-05,0.99,—,False
project,Momentum,0.0001,0.5,—,False
project,Momentum,0.0001,0.8,—,False
project,Momentum,0.0001,0.9,—,False
project,Momentum,0.0001,0.95,—,False
project,Momentum,0.0001,0.99,98136,True
project,Momentum,0.00031622776601683794,0.5,—,False
project,Momentum,0.00031622776601683794,0.8,—,False
project,Momentum,0.00031622776601683794,0.9,—,False
project,Momentum,0.00031622776601683794,0.95,—,False
project,Momentum,0.00031622776601683794,0.99,30109,True
project,Momentum,0.001,0.5,—,False
project,Momentum,0.001,0.8,—,False
project,Momentum,0.001,0.9,99306,True
project,Momentum,0.001,0.95,49463,True
project,Momentum,0.001,0.99,8428,True
project,Momentum,0.0031622776601683794,0.5,—,False
project,Momentum,0.0031622776601683794,0.8,62826,True
project,Momentum,0.0031622776601683794,0.9,31320,True
project,Momentum,0.0031622776601683794,0.95,15467,True
project,Momentum,0.0031622776601683794,0.99,2641,True
project,Momentum,0.01,0.5,49695,True
project,Momentum,0.01,0.8,19828,True
project,Momentum,0.01,0.9,9820,True
project,Momentum,0.01,0.95,4707,True
project,Momentum,0.01,0.99,2504,True
project,Momentum,0.03162277660168379,0.5,15702,True
project,Momentum,0.03162277660168379,0.8,6230,True
project,Momentum,0.03162277660168379,0.9,3017,True
project,Momentum,0.03162277660168379,0.95,1256,True
project,Momentum,0.03162277660168379,0.99,2378,True
project,Momentum,0.1,0.5,4952,True
project,Momentum,0.1,0.8,1929,True
project,Momentum,0.1,0.9,851,True
project,Momentum,0.1,0.95,423,True
project,Momentum,0.1,0.99,2320,True
project,Momentum,0.31622776601683794,0.5,1553,True
project,Momentum,0.31622776601683794,0.8,564,True
project,Momentum,0.31622776601683794,0.9,262,True
project,Momentum,0.31622776601683794,0.95,481,True
project,Momentum,0.31622776601683794,0.99,2190,True
project,Momentum,1.0,0.5,477,True
project,Momentum,1.0,0.8,132,True
project,Momentum,1.0,0.9,245,True
project,Momentum,1.0,0.95,443,True
project,Momentum,1.0,0.99,2179,True
project,Momentum,1e-05,0.5,—,False
project,Momentum,1e-05,0.8,—,False
project,Momentum,1e-05,0.9,—,False
project,Momentum,1e-05,0.95,—,False
project,Momentum,1e-05,0.99,—,False
project,Momentum,3.1622776601683795e-05,0.5,—,False
project,Momentum,3.1622776601683795e-05,0.8,—,False
project,Momentum,3.1622776601683795e-05,0.9,—,False
project,Momentum,3.1622776601683795e-05,0.95,—,False
project,Momentum,3.1622776601683795e-05,0.99,—,False
project,Momentum,0.0001,0.5,—,False
project,Momentum,0.0001,0.8,—,False
project,Momentum,0.0001,0.9,—,False
project,Momentum,0.0001,0.95,—,False
project,Momentum,0.0001,0.99,98136,True
project,Momentum,0.00031622776601683794,0.5,—,False
project,Momentum,0.00031622776601683794,0.8,—,False
project,Momentum,0.00031622776601683794,0.9,—,False
project,Momentum,0.00031622776601683794,0.95,—,False
project,Momentum,0.00031622776601683794,0.99,30109,True
project,Momentum,0.001,0.5,—,False
project,Momentum,0.001,0.8,—,False
project,Momentum,0.001,0.9,99306,True
project,Momentum,0.001,0.95,49463,True
project,Momentum,0.001,0.99,8428,True
project,Momentum,0.0031622776601683794,0.5,—,False
project,Momentum,0.0031622776601683794,0.8,62826,True
project,Momentum,0.0031622776601683794,0.9,31320,True
project,Momentum,0.0031622776601683794,0.95,15467,True
project,Momentum,0.0031622776601683794,0.99,2641,True
project,Momentum,0.01,0.5,49695,True
project,Momentum,0.01,0.8,19828,True
project,Momentum,0.01,0.9,9820,True
project,Momentum,0.01,0.95,4707,True
project,Momentum,0.01,0.99,2504,True
project,Momentum,0.03162277660168379,0.5,15702,True
project,Momentum,0.03162277660168379,0.8,6230,True
project,Momentum,0.03162277660168379,0.9,3017,True
project,Momentum,0.03162277660168379,0.95,1256,True
project,Momentum,0.03162277660168379,0.99,2378,True
project,Momentum,0.1,0.5,4952,True
project,Momentum,0.1,0.8,1929,True
project,Momentum,0.1,0.9,851,True
project,Momentum,0.1,0.95,423,True
project,Momentum,0.1,0.99,2320,True
project,Momentum,0.31622776601683794,0.5,1553,True
project,Momentum,0.31622776601683794,0.8,564,True
project,Momentum,0.31622776601683794,0.9,262,True
project,Momentum,0.31622776601683794,0.95,481,True
project,Momentum,0.31622776601683794,0.99,2190,True
project,Momentum,1.0,0.5,477,True
project,Momentum,1.0,0.8,132,True
project,Momentum,1.0,0.9,245,True
project,Momentum,1.0,0.95,443,True
project,Momentum,1.0,0.99,2179,True
project,Momentum,3.1622776601683795,0.5,135,True
project,Momentum,3.1622776601683795,0.8,108,True
project,Momentum,3.1622776601683795,0.9,232,True
project,Momentum,3.1622776601683795,0.95,436,True
project,Momentum,3.1622776601683795,0.99,2142,True
project,Momentum,1e-05,0.5,—,False
project,Momentum,1e-05,0.8,—,False
project,Momentum,1e-05,0.9,—,False
project,Momentum,1e-05,0.95,—,False
project,Momentum,1e-05,0.99,—,False
project,Momentum,3.1622776601683795e-05,0.5,—,False
project,Momentum,3.1622776601683795e-05,0.8,—,False
project,Momentum,3.1622776601683795e-05,0.9,—,False
project,Momentum,3.1622776601683795e-05,0.95,—,False
project,Momentum,3.1622776601683795e-05,0.99,—,False
project,Momentum,0.0001,0.5,—,False
project,Momentum,0.0001,0.8,—,False
project,Momentum,0.0001,0.9,—,False
project,Momentum,0.0001,0.95,—,False
project,Momentum,0.0001,0.99,98136,True
project,Momentum,0.00031622776601683794,0.5,—,False
project,Momentum,0.00031622776601683794,0.8,—,False
project,Momentum,0.00031622776601683794,0.9,—,False
project,Momentum,0.00031622776601683794,0.95,—,False
project,Momentum,0.00031622776601683794,0.99,30109,True
project,Momentum,0.001,0.5,—,False
project,Momentum,0.001,0.8,—,False
project,Momentum,0.001,0.9,99306,True
project,Momentum,0.001,0.95,49463,True
project,Momentum,0.001,0.99,8428,True
project,Momentum,0.0031622776601683794,0.5,—,False
project,Momentum,0.0031622776601683794,0.8,62826,True
project,Momentum,0.0031622776601683794,0.9,31320,True
project,Momentum,0.0031622776601683794,0.95,15467,True
project,Momentum,0.0031622776601683794,0.99,2641,True
project,Momentum,0.01,0.5,49695,True
project,Momentum,0.01,0.8,19828,True
project,Momentum,0.01,0.9,9820,True
project,Momentum,0.01,0.95,4707,True
project,Momentum,0.01,0.99,2504,True
project,Momentum,0.03162277660168379,0.5,15702,True
project,Momentum,0.03162277660168379,0.8,6230,True
project,Momentum,0.03162277660168379,0.9,3017,True
project,Momentum,0.03162277660168379,0.95,1256,True
project,Momentum,0.03162277660168379,0.99,2378,True
project,Momentum,0.1,0.5,4952,True
project,Momentum,0.1,0.8,1929,True
project,Momentum,0.1,0.9,851,True
project,Momentum,0.1,0.95,423,True
project,Momentum,0.1,0.99,2320,True
project,Momentum,0.31622776601683794,0.5,1553,True
project,Momentum,0.31622776601683794,0.8,564,True
project,Momentum,0.31622776601683794,0.9,262,True
project,Momentum,0.31622776601683794,0.95,481,True
project,Momentum,0.31622776601683794,0.99,2190,True
project,Momentum,1.0,0.5,477,True
project,Momentum,1.0,0.8,132,True
project,Momentum,1.0,0.9,245,True
project,Momentum,1.0,0.95,443,True
project,Momentum,1.0,0.99,2179,True
project,Momentum,3.1622776601683795,0.5,135,True
project,Momentum,3.1622776601683795,0.8,108,True
project,Momentum,3.1622776601683795,0.9,232,True
project,Momentum,3.1622776601683795,0.95,436,True
project,Momentum,3.1622776601683795,0.99,2142,True
project,Momentum,10.000000000000002,0.5,40,True
project,Momentum,10.000000000000002,0.8,111,True
project,Momentum,10.000000000000002,0.9,225,True
project,Momentum,10.000000000000002,0.95,432,True
project,Momentum,10.000000000000002,0.99,2162,True
project,Momentum,1e-05,0.5,—,False
project,Momentum,1e-05,0.8,—,False
project,Momentum,1e-05,0.9,—,False
project,Momentum,1e-05,0.95,—,False
project,Momentum,1e-05,0.99,—,False
project,Momentum,3.1622776601683795e-05,0.5,—,False
project,Momentum,3.1622776601683795e-05,0.8,—,False
project,Momentum,3.1622776601683795e-05,0.9,—,False
project,Momentum,3.1622776601683795e-05,0.95,—,False
project,Momentum,3.1622776601683795e-05,0.99,—,False
project,Momentum,0.0001,0.5,—,False
project,Momentum,0.0001,0.8,—,False
project,Momentum,0.0001,0.9,—,False
project,Momentum,0.0001,0.95,—,False
project,Momentum,0.0001,0.99,98136,True
project,Momentum,0.00031622776601683794,0.5,—,False
project,Momentum,0.00031622776601683794,0.8,—,False
project,Momentum,0.00031622776601683794,0.9,—,False
project,Momentum,0.00031622776601683794,0.95,—,False
project,Momentum,0.00031622776601683794,0.99,30109,True
project,Momentum,0.001,0.5,—,False
project,Momentum,0.001,0.8,—,False
project,Momentum,0.001,0.9,99306,True
project,Momentum,0.001,0.95,49463,True
project,Momentum,0.001,0.99,8428,True
project,Momentum,0.0031622776601683794,0.5,—,False
project,Momentum,0.0031622776601683794,0.8,62826,True
project,Momentum,0.0031622776601683794,0.9,31320,True
project,Momentum,0.0031622776601683794,0.95,15467,True
project,Momentum,0.0031622776601683794,0.99,2641,True
project,Momentum,0.01,0.5,49695,True
project,Momentum,0.01,0.8,19828,True
project,Momentum,0.01,0.9,9820,True
project,Momentum,0.01,0.95,4707,True
project,Momentum,0.01,0.99,2504,True
project,Momentum,0.03162277660168379,0.5,15702,True
project,Momentum,0.03162277660168379,0.8,6230,True
project,Momentum,0.03162277660168379,0.9,3017,True
project,Momentum,0.03162277660168379,0.95,1256,True
project,Momentum,0.03162277660168379,0.99,2378,True
project,Momentum,0.1,0.5,4952,True
project,Momentum,0.1,0.8,1929,True
project,Momentum,0.1,0.9,851,True
project,Momentum,0.1,0.95,423,True
project,Momentum,0.1,0.99,2320,True
project,Momentum,0.31622776601683794,0.5,1553,True
project,Momentum,0.31622776601683794,0.8,564,True
project,Momentum,0.31622776601683794,0.9,262,True
project,Momentum,0.31622776601683794,0.95,481,True
project,Momentum,0.31622776601683794,0.99,2190,True
project,Momentum,1.0,0.5,477,True
project,Momentum,1.0,0.8,132,True
project,Momentum,1.0,0.9,245,True
project,Momentum,1.0,0.95,443,True
project,Momentum,1.0,0.99,2179,True
project,Momentum,3.1622776601683795,0.5,135,True
project,Momentum,3.1622776601683795,0.8,108,True
project,Momentum,3.1622776601683795,0.9,232,True
project,Momentum,3.1622776601683795,0.95,436,True
project,Momentum,3.1622776601683795,0.99,2142,True
project,Momentum,10.000000000000002,0.5,40,True
project,Momentum,10.000000000000002,0.8,111,True
project,Momentum,10.000000000000002,0.9,225,True
project,Momentum,10.000000000000002,0.95,432,True
project,Momentum,10.000000000000002,0.99,2162,True
project,Momentum,31.6227766016838,0.5,37,True
project,Momentum,31.6227766016838,0.8,99,True
project,Momentum,31.6227766016838,0.9,227,True
project,Momentum,31.6227766016838,0.95,467,True
project,Momentum,31.6227766016838,0.99,2097,True
project,Momentum,1e-05,0.5,—,False
project,Momentum,1e-05,0.8,—,False
project,Momentum,1e-05,0.9,—,False
project,Momentum,1e-05,0.95,—,False
project,Momentum,1e-05,0.99,—,False
project,Momentum,3.1622776601683795e-05,0.5,—,False
project,Momentum,3.1622776601683795e-05,0.8,—,False
project,Momentum,3.1622776601683795e-05,0.9,—,False
project,Momentum,3.1622776601683795e-05,0.95,—,False
project,Momentum,3.1622776601683795e-05,0.99,—,False
project,Momentum,0.0001,0.5,—,False
project,Momentum,0.0001,0.8,—,False
project,Momentum,0.0001,0.9,—,False
project,Momentum,0.0001,0.95,—,False
project,Momentum,0.0001,0.99,98136,True
project,Momentum,0.00031622776601683794,0.5,—,False
project,Momentum,0.00031622776601683794,0.8,—,False
project,Momentum,0.00031622776601683794,0.9,—,False
project,Momentum,0.00031622776601683794,0.95,—,False
project,Momentum,0.00031622776601683794,0.99,30109,True
project,Momentum,0.001,0.5,—,False
project,Momentum,0.001,0.8,—,False
project,Momentum,0.001,0.9,99306,True
project,Momentum,0.001,0.95,49463,True
project,Momentum,0.001,0.99,8428,True
project,Momentum,0.0031622776601683794,0.5,—,False
project,Momentum,0.0031622776601683794,0.8,62826,True
project,Momentum,0.0031622776601683794,0.9,31320,True
project,Momentum,0.0031622776601683794,0.95,15467,True
project,Momentum,0.0031622776601683794,0.99,2641,True
project,Momentum,0.01,0.5,49695,True
project,Momentum,0.01,0.8,19828,True
project,Momentum,0.01,0.9,9820,True
project,Momentum,0.01,0.95,4707,True
project,Momentum,0.01,0.99,2504,True
project,Momentum,0.03162277660168379,0.5,15702,True
project,Momentum,0.03162277660168379,0.8,6230,True
project,Momentum,0.03162277660168379,0.9,3017,True
project,Momentum,0.03162277660168379,0.95,1256,True
project,Momentum,0.03162277660168379,0.99,2378,True
project,Momentum,0.1,0.5,4952,True
project,Momentum,0.1,0.8,1929,True
project,Momentum,0.1,0.9,851,True
project,Momentum,0.1,0.95,423,True
project,Momentum,0.1,0.99,2320,True
project,Momentum,0.31622776601683794,0.5,1553,True
project,Momentum,0.31622776601683794,0.8,564,True
project,Momentum,0.31622776601683794,0.9,262,True
project,Momentum,0.31622776601683794,0.95,481,True
project,Momentum,0.31622776601683794,0.99,2190,True
project,Momentum,1.0,0.5,477,True
project,Momentum,1.0,0.8,132,True
project,Momentum,1.0,0.9,245,True
project,Momentum,1.0,0.95,443,True
project,Momentum,1.0,0.99,2179,True
project,Momentum,3.1622776601683795,0.5,135,True
project,Momentum,3.1622776601683795,0.8,108,True
project,Momentum,3.1622776601683795,0.9,232,True
project,Momentum,3.1622776601683795,0.95,436,True
project,Momentum,3.1622776601683795,0.99,2142,True
project,Momentum,10.000000000000002,0.5,40,True
project,Momentum,10.000000000000002,0.8,111,True
project,Momentum,10.000000000000002,0.9,225,True
project,Momentum,10.000000000000002,0.95,432,True
project,Momentum,10.000000000000002,0.99,2162,True
project,Momentum,31.6227766016838,0.5,37,True
project,Momentum,31.6227766016838,0.8,99,True
project,Momentum,31.6227766016838,0.9,227,True
project,Momentum,31.6227766016838,0.95,467,True
project,Momentum,31.6227766016838,0.99,2097,True
project,Momentum,100.00000000000003,0.5,38,True
project,Momentum,100.00000000000003,0.8,110,True
project,Momentum,100.00000000000003,0.9,236,True
project,Momentum,100.00000000000003,0.95,432,True
project,Momentum,100.00000000000003,0.99,2296,True
project,Adam,1e-05,,—,False
project,Adam,3.1622776601683795e-05,,—,False
project,Adam,0.0001,,68951,True
project,Adam,0.00031622776601683794,,25944,True
project,Adam,0.001,,11532,True
project,Adam,0.0031622776601683794,,5725,True
project,Adam,0.01,,2503,True
project,Adam,0.03162277660168379,,842,True
project,Adam,0.1,,244,True
project,Adam,0.31622776601683794,,240,True
project,Adam,1.0,,225,True
project,Adam,1e-05,,—,False
project,Adam,3.1622776601683795e-05,,—,False
project,Adam,0.0001,,68951,True
project,Adam,0.00031622776601683794,,25944,True
project,Adam,0.001,,11532,True
project,Adam,0.0031622776601683794,,5725,True
project,Adam,0.01,,2503,True
project,Adam,0.03162277660168379,,842,True
project,Adam,0.1,,244,True
project,Adam,0.31622776601683794,,240,True
project,Adam,1.0,,225,True
project,Adam,3.1622776601683795,,230,True
